{
  "growth": {
    "slope": 0.009791828049828057,
    "score": 1,
    "state": "accelerating",
    "regressionLine": [
      -0.03127398852193926,
      -0.0214821604721112,
      -0.01169033242228314,
      -0.0018985043724550864,
      0.007893323677372973,
      0.01768515172720103,
      0.027476979777029086,
      0.037268807826857146,
      0.0470606358766852,
      0.05685246392651326,
      0.06664429197634132,
      0.07643612002616937
    ],
    "windowValues": [
      -0.0023884958434473094,
      -0.00931253902802793,
      -0.028004605303199367,
      -0.004724710156707617,
      -0.009015957101494436,
      0.004349717268377556,
      0.020219940775141214,
      0.026066485872659487,
      0.04911391608996313,
      0.059703892345235904,
      0.0642551178283274,
      0.10071002627855266
    ]
  },
  "operatingMargin": {
    "score": 0,
    "state": "stable",
    "slope": 0.0028742120343463245,
    "regressionLine": [
      0.2946374586758065,
      0.29751167071015283,
      0.3003858827444991,
      0.30326009477884547,
      0.3061343068131918,
      0.3090085188475381,
      0.31188273088188445,
      0.31475694291623074,
      0.3176311549505771,
      0.32050536698492343,
      0.3233795790192697,
      0.32625379105361607
    ],
    "windowValues": [
      0.2916267414534076,
      0.2923062096772093,
      0.2982141226502472,
      0.30763846038174153,
      0.3098345749601046,
      0.3127413427800095,
      0.31510222870075566,
      0.3175535678188801,
      0.31811892118711377,
      0.31866381156316914,
      0.31970799762591884,
      0.3238395195779779
    ]
  },
  "fcf": {
    "score": 0,
    "state": "stable",
    "slope": -0.0009678237278841112,
    "regressionLine": [
      0.2652542975062241,
      0.26428647377833997,
      0.26331865005045585,
      0.26235082632257173,
      0.2613830025946876,
      0.2604151788668035,
      0.2594473551389194,
      0.2584795314110353,
      0.2575117076831512,
      0.25654388395526706,
      0.25557606022738294,
      0.2546082364994988
    ],
    "windowValues": [
      0.25315831158545293,
      0.26303287292314026,
      0.25981710737440805,
      0.27707372973197203,
      0.2670672365135225,
      0.27058658775995,
      0.27825386474356517,
      0.24838033151404892,
      0.24598991922391011,
      0.23538452126032425,
      0.23732882225869315,
      0.28310189914535017
    ]
  },
  "capitalEfficiency": {
    "score": 1,
    "state": "improving",
    "slope": 0.01313002965928949,
    "regressionLine": [
      0.4902732313162561,
      0.5034032609755457,
      0.5165332906348351,
      0.5296633202941246,
      0.5427933499534141,
      0.5559233796127035,
      0.5690534092719931,
      0.5821834389312825,
      0.5953134685905721,
      0.6084434982498615,
      0.621573527909151,
      0.6347035575684405
    ],
    "windowValues": [
      0.4998864946429923,
      0.5071582220133404,
      0.5087800513671953,
      0.5103723552967186,
      0.5223814657076714,
      0.5606519879495667,
      0.5836882221137949,
      0.5912364804787287,
      0.6174266295653523,
      0.6211225750442418,
      0.6158125671122302,
      0.6113436820163464
    ]
  },
  "total": {
    "total": 2,
    "state": "positive-trajectory"
  }
}
